0,1
삼성중공업(주) 연결재무제표기준영업(잠정)실적(공정공시),20141020
20141027,삼성중공업(주) 임시주주총회 결과
삼성중공업(주) 자기주식 취득 결정,20141029
20141031,삼성중공업(주) 조회공시 요구(풍문 또는 보도)에 대한 답변(미확정)
20141110,삼성중공업(주) 조회공시 요구(풍문 또는 보도)
20141110,삼성중공업(주) 조회공시 요구(풍문 또는 보도)에 대한 답변(미확정)
20141119,삼성중공업(주) 기타 주요경영사항(자율공시)
20141210,삼성중공업(주) 조회공시 요구(풍문 또는 보도)에 대한 답변(미확정)
삼성중공업(주) 주식명의개서정지(주주명부폐쇄),20141215
20150119,삼성중공업(주) 기타 주요경영사항(자율공시)
20150122,삼성중공업(주) 단일판매ㆍ공급계약체결
20150129,삼성중공업(주) 매출액또는손익구조30%(대규모법인은15%)이상변경
삼성중공업(주) 소송등의판결ㆍ결정(일정금액 이상의 청구),20150129
삼성중공업(주) 주주총회소집결의,20150213
삼성중공업(주) (정정)주주총회소집결의,20150226
20150302,삼성중공업(주) 단일판매ㆍ공급계약체결
20150313,삼성중공업(주) 정기주주총회결과
20150401,삼성중공업(주) 단일판매ㆍ공급계약체결
삼성중공업(주) 기타 주요경영사항(자율공시)(기타주요경영사항(자율공시) (단일판매·공급계약 체결 건의 진행사항 공시) ),20150403
20150428,삼성중공업(주) 조회공시 요구(풍문 또는 보도)
20150428,삼성중공업(주) 조회공시 요구(풍문 또는 보도)에 대한 답변(부인)
삼성중공업(주) 연결재무제표기준영업(잠정)실적(공정공시),20150428
20150428,삼성중공업(주) (정정)단일판매ㆍ공급계약체결
삼성중공업(주) 조회공시 요구(풍문 또는 보도)에 대한 답변(미확정),20150430
삼성중공업(주) 기타 주요경영사항(자율공시)(단일판매·공급계약 체결 건의 진행사항 공시),20150518
20150604,삼성중공업(주) 단일판매ㆍ공급계약체결
삼성중공업(주) 조회공시 요구(풍문 또는 보도)에 대한 답변(부인),20150609
삼성중공업(주) 기타 주요경영사항(자율공시)(단일판매·공급계약 체결 건의 진행사항 공시),20150611
삼성중공업(주) 기타 주요경영사항(자율공시)(단일판매·공급계약 체결 건의 진행사항 공시),20150612
삼성중공업(주) 기타 주요경영사항(자율공시)(단일판매·공급계약 체결 건의 진행사항 공시),20150615
삼성중공업(주) [투자주의]투자경고종목 지정예고(삼성중공우),20150623
20150630,삼성중공업(주) 조회공시 요구(풍문 또는 보도)
20150630,삼성중공업(주) 단일판매ㆍ공급계약체결
20150701,삼성중공업(주) 단일판매ㆍ공급계약체결
삼성중공업(주) 기타시장안내(삼성중공우),20150701
삼성중공업(주) 연결재무제표기준영업(잠정)실적(공정공시),20141020
20141027,삼성중공업(주) 임시주주총회 결과
삼성중공업(주) 자기주식 취득 결정,20141029
20141031,삼성중공업(주) 조회공시 요구(풍문 또는 보도)에 대한 답변(미확정)
20141110,삼성중공업(주) 조회공시 요구(풍문 또는 보도)
20141110,삼성중공업(주) 조회공시 요구(풍문 또는 보도)에 대한 답변(미확정)
20141119,삼성중공업(주) 기타 주요경영사항(자율공시)
20141210,삼성중공업(주) 조회공시 요구(풍문 또는 보도)에 대한 답변(미확정)
삼성중공업(주) 주식명의개서정지(주주명부폐쇄),20141215
20150119,삼성중공업(주) 기타 주요경영사항(자율공시)
20150122,삼성중공업(주) 단일판매ㆍ공급계약체결
20150129,삼성중공업(주) 매출액또는손익구조30%(대규모법인은15%)이상변경
삼성중공업(주) 소송등의판결ㆍ결정(일정금액 이상의 청구),20150129
삼성중공업(주) 주주총회소집결의,20150213
삼성중공업(주) (정정)주주총회소집결의,20150226
20150302,삼성중공업(주) 단일판매ㆍ공급계약체결
20150313,삼성중공업(주) 정기주주총회결과
20150401,삼성중공업(주) 단일판매ㆍ공급계약체결
삼성중공업(주) 기타 주요경영사항(자율공시)(기타주요경영사항(자율공시) (단일판매·공급계약 체결 건의 진행사항 공시) ),20150403
20150428,삼성중공업(주) 조회공시 요구(풍문 또는 보도)
20150428,삼성중공업(주) 조회공시 요구(풍문 또는 보도)에 대한 답변(부인)
삼성중공업(주) 연결재무제표기준영업(잠정)실적(공정공시),20150428
20150428,삼성중공업(주) (정정)단일판매ㆍ공급계약체결
삼성중공업(주) 조회공시 요구(풍문 또는 보도)에 대한 답변(미확정),20150430
삼성중공업(주) 기타 주요경영사항(자율공시)(단일판매·공급계약 체결 건의 진행사항 공시),20150518
20150604,삼성중공업(주) 단일판매ㆍ공급계약체결
삼성중공업(주) 조회공시 요구(풍문 또는 보도)에 대한 답변(부인),20150609
삼성중공업(주) 기타 주요경영사항(자율공시)(단일판매·공급계약 체결 건의 진행사항 공시),20150611
삼성중공업(주) 기타 주요경영사항(자율공시)(단일판매·공급계약 체결 건의 진행사항 공시),20150612
삼성중공업(주) 기타 주요경영사항(자율공시)(단일판매·공급계약 체결 건의 진행사항 공시),20150615
삼성중공업(주) [투자주의]투자경고종목 지정예고(삼성중공우),20150623
20150630,삼성중공업(주) 조회공시 요구(풍문 또는 보도)
20150630,삼성중공업(주) 단일판매ㆍ공급계약체결
20150701,삼성중공업(주) 단일판매ㆍ공급계약체결
삼성중공업(주) 기타시장안내(삼성중공우),20150701
